{
 "ProjectInfo": {
  "Project": {
   "Name": "GameJam_22_11",
   "GUID": "{6746281D-828D-46D7-862F-A64BB61519B6}",
   "Generator": "2025.1.2.8976"
  },
  "CacheRoot": "../.cache",
  "Platforms": [
   {
    "Name": "Windows",
    "GUID": "{FA4DA868-B151-4310-A045-AD7FE55CEC3D}",
    "BasePlatform": "Windows",
    "BasePlatformGUID": "{6E0CB257-C6C8-4C5C-8366-2740DFC441EB}",
    "Path": "Windows"
   }
  ],
  "Languages": [
   {
    "Name": "English(US)",
    "Id": "684519430",
    "GUID": "{4029F22C-1020-469E-9AC8-657AA9C301D6}",
    "Default": "true",
    "UseAsStandIn": "true"
   }
  ],
  "FileHash": "{C7AADEEE-7565-BD55-70AC-E321B2FEDBDD}"
 }
}