{
 "SoundBanksInfo": {
  "Platform": "Windows",
  "BasePlatform": "Windows",
  "SchemaVersion": "16",
  "SoundBankVersion": "171",
  "SoundBanks": [
   {
    "Id": "1355168291",
    "Type": "User",
    "GUID": "{701ECBBD-9C7B-4030-8CDB-749EE5D1C7B9}",
    "Language": "SFX",
    "Hash": "{C86F5E8D-EA12-7BC7-8F8F-BF0B0CADBDCB}",
    "ObjectPath": "Init",
    "ShortName": "Init",
    "Path": "Init.bnk",
    "Plugins": {
     "AudioDevices": [
      {
       "Id": "2317455096",
       "Name": "No_Output",
       "ObjectPath": "\\Devices\\Default Work Unit\\No_Output",
       "GUID": "{CD483246-6F94-433F-A3DD-6E59035CF616}",
       "LibName": "No Output",
       "LibId": "11862023"
      },
      {
       "Id": "3859886410",
       "Name": "System",
       "ObjectPath": "\\Devices\\Default Work Unit\\System",
       "GUID": "{268FA993-F705-4B85-BCA5-D695A2D442A8}",
       "LibName": "System",
       "LibId": "11403271"
      }
     ]
    },
    "Busses": [
     {
      "Id": "2246998526",
      "Name": "Main Audio Bus",
      "ObjectPath": "\\Busses\\Default Work Unit\\Main Audio Bus",
      "GUID": "{1514A4D8-1DA6-412A-A17E-75CA0C2149F3}"
     }
    ],
    "GameParameters": [
     {
      "Id": "822163944",
      "Name": "SS_Air_RPM",
      "ObjectPath": "\\Game Parameters\\Factory Soundseed Air Game Syncs\\SS_Air_RPM",
      "GUID": "{A34890AB-B9D5-4526-A64D-5290C43EF2DC}"
     },
     {
      "Id": "1029930033",
      "Name": "SS_Air_Fury",
      "ObjectPath": "\\Game Parameters\\Factory Soundseed Air Game Syncs\\SS_Air_Fury",
      "GUID": "{A2AE79DC-CA3A-46BA-9652-9986C322A87B}"
     },
     {
      "Id": "1351367891",
      "Name": "SS_Air_Fear",
      "ObjectPath": "\\Game Parameters\\Factory Soundseed Air Game Syncs\\SS_Air_Fear",
      "GUID": "{F72E0659-4346-4E1C-A1B1-DAB46A05101E}"
     },
     {
      "Id": "2648548617",
      "Name": "SS_Air_Month",
      "ObjectPath": "\\Game Parameters\\Factory Soundseed Air Game Syncs\\SS_Air_Month",
      "GUID": "{09E2B445-C4A3-447F-B3CA-818A1D925EF7}"
     },
     {
      "Id": "3002758120",
      "Name": "SS_Air_Freefall",
      "ObjectPath": "\\Game Parameters\\Factory Soundseed Air Game Syncs\\SS_Air_Freefall",
      "GUID": "{2F2DFE37-4F9E-4D94-83D8-53CCA39781AD}"
     },
     {
      "Id": "3074696722",
      "Name": "SS_Air_Size",
      "ObjectPath": "\\Game Parameters\\Factory Soundseed Air Game Syncs\\SS_Air_Size",
      "GUID": "{1329EBEF-A193-472E-A38C-64668B494879}"
     },
     {
      "Id": "3203397129",
      "Name": "SS_Air_TimeOfDay",
      "ObjectPath": "\\Game Parameters\\Factory Soundseed Air Game Syncs\\SS_Air_TimeOfDay",
      "GUID": "{536FA72C-8C7E-4C8B-AE03-EF34FDADC314}"
     },
     {
      "Id": "3715662592",
      "Name": "SS_Air_Storm",
      "ObjectPath": "\\Game Parameters\\Factory Soundseed Air Game Syncs\\SS_Air_Storm",
      "GUID": "{E93F8CDB-06D1-4737-ACAF-7CD44BBED783}"
     },
     {
      "Id": "3847924954",
      "Name": "SS_Air_Presence",
      "ObjectPath": "\\Game Parameters\\Factory Soundseed Air Game Syncs\\SS_Air_Presence",
      "GUID": "{E3B7811A-7B2F-490F-B44F-5FE51B468041}"
     },
     {
      "Id": "4160247818",
      "Name": "SS_Air_Turbulence",
      "ObjectPath": "\\Game Parameters\\Factory Soundseed Air Game Syncs\\SS_Air_Turbulence",
      "GUID": "{EDA87B19-73AA-40A0-9F19-2073606DB710}"
     }
    ],
    "AcousticTextures": [
     {
      "Id": "504532776",
      "Name": "Brick",
      "ObjectPath": "\\Virtual Acoustics\\Factory Acoustic Textures\\Textures\\Brick",
      "GUID": "{B086A5A9-F204-4C53-A838-BDB18B18F6D6}",
      "Color": "8",
      "Properties": [
       {
        "Name": "AbsorptionLow",
        "Type": "Real32",
        "Value": "12"
       },
       {
        "Name": "AbsorptionMidLow",
        "Type": "Real32",
        "Value": "18"
       },
       {
        "Name": "AbsorptionMidHigh",
        "Type": "Real32",
        "Value": "23"
       },
       {
        "Name": "AbsorptionHigh",
        "Type": "Real32",
        "Value": "35"
       },
       {
        "Name": "Scattering",
        "Type": "Real32",
        "Value": "0"
       }
      ]
     },
     {
      "Id": "513139656",
      "Name": "Mountain",
      "ObjectPath": "\\Virtual Acoustics\\Factory Acoustic Textures\\Textures\\Mountain",
      "GUID": "{C5933731-001A-4AB4-98DD-9B033A8C8EAB}",
      "Properties": [
       {
        "Name": "AbsorptionLow",
        "Type": "Real32",
        "Value": "0"
       },
       {
        "Name": "AbsorptionMidLow",
        "Type": "Real32",
        "Value": "0"
       },
       {
        "Name": "AbsorptionMidHigh",
        "Type": "Real32",
        "Value": "0"
       },
       {
        "Name": "AbsorptionHigh",
        "Type": "Real32",
        "Value": "0"
       },
       {
        "Name": "Scattering",
        "Type": "Real32",
        "Value": "0"
       }
      ]
     },
     {
      "Id": "841620460",
      "Name": "Concrete",
      "ObjectPath": "\\Virtual Acoustics\\Factory Acoustic Textures\\Textures\\Concrete",
      "GUID": "{5CF81C00-2896-4AE0-AF7C-3080BDABA682}",
      "Color": "27",
      "Properties": [
       {
        "Name": "AbsorptionLow",
        "Type": "Real32",
        "Value": "6"
       },
       {
        "Name": "AbsorptionMidLow",
        "Type": "Real32",
        "Value": "6"
       },
       {
        "Name": "AbsorptionMidHigh",
        "Type": "Real32",
        "Value": "6"
       },
       {
        "Name": "AbsorptionHigh",
        "Type": "Real32",
        "Value": "14"
       },
       {
        "Name": "Scattering",
        "Type": "Real32",
        "Value": "0"
       }
      ]
     },
     {
      "Id": "1755085759",
      "Name": "Wood_Deep",
      "ObjectPath": "\\Virtual Acoustics\\Factory Acoustic Textures\\Textures\\Wood_Deep",
      "GUID": "{5246478E-C5DA-4E0C-A0DE-C98D1479529A}",
      "Color": "9",
      "Properties": [
       {
        "Name": "AbsorptionLow",
        "Type": "Real32",
        "Value": "1"
       },
       {
        "Name": "AbsorptionMidLow",
        "Type": "Real32",
        "Value": "8"
       },
       {
        "Name": "AbsorptionMidHigh",
        "Type": "Real32",
        "Value": "20"
       },
       {
        "Name": "AbsorptionHigh",
        "Type": "Real32",
        "Value": "35"
       },
       {
        "Name": "Scattering",
        "Type": "Real32",
        "Value": "0"
       }
      ]
     },
     {
      "Id": "1873957695",
      "Name": "Anechoic",
      "ObjectPath": "\\Virtual Acoustics\\Factory Acoustic Textures\\Textures\\Anechoic",
      "GUID": "{8B0AC232-02E2-4EDE-BEAC-FDD1A900E3ED}",
      "Color": "13",
      "Properties": [
       {
        "Name": "AbsorptionLow",
        "Type": "Real32",
        "Value": "100"
       },
       {
        "Name": "AbsorptionMidLow",
        "Type": "Real32",
        "Value": "100"
       },
       {
        "Name": "AbsorptionMidHigh",
        "Type": "Real32",
        "Value": "100"
       },
       {
        "Name": "AbsorptionHigh",
        "Type": "Real32",
        "Value": "100"
       },
       {
        "Name": "Scattering",
        "Type": "Real32",
        "Value": "0"
       }
      ]
     },
     {
      "Id": "1970351858",
      "Name": "Fabric",
      "ObjectPath": "\\Virtual Acoustics\\Factory Acoustic Textures\\Textures\\Fabric",
      "GUID": "{8381D532-DB6E-4EED-A7A3-BC7B0A0B8BA8}",
      "Color": "4",
      "Properties": [
       {
        "Name": "AbsorptionLow",
        "Type": "Real32",
        "Value": "3"
       },
       {
        "Name": "AbsorptionMidLow",
        "Type": "Real32",
        "Value": "13"
       },
       {
        "Name": "AbsorptionMidHigh",
        "Type": "Real32",
        "Value": "48"
       },
       {
        "Name": "AbsorptionHigh",
        "Type": "Real32",
        "Value": "72"
       },
       {
        "Name": "Scattering",
        "Type": "Real32",
        "Value": "0"
       }
      ]
     },
     {
      "Id": "2058049674",
      "Name": "Wood",
      "ObjectPath": "\\Virtual Acoustics\\Factory Acoustic Textures\\Textures\\Wood",
      "GUID": "{1FFFBC96-6FE7-489E-BA6C-7C14A71391AE}",
      "Color": "7",
      "Properties": [
       {
        "Name": "AbsorptionLow",
        "Type": "Real32",
        "Value": "32"
       },
       {
        "Name": "AbsorptionMidLow",
        "Type": "Real32",
        "Value": "25"
       },
       {
        "Name": "AbsorptionMidHigh",
        "Type": "Real32",
        "Value": "20"
       },
       {
        "Name": "AbsorptionHigh",
        "Type": "Real32",
        "Value": "35"
       },
       {
        "Name": "Scattering",
        "Type": "Real32",
        "Value": "0"
       }
      ]
     },
     {
      "Id": "2412606308",
      "Name": "Carpet",
      "ObjectPath": "\\Virtual Acoustics\\Factory Acoustic Textures\\Textures\\Carpet",
      "GUID": "{34227589-DC56-4260-96C4-B9F4B669092B}",
      "Color": "17",
      "Properties": [
       {
        "Name": "AbsorptionLow",
        "Type": "Real32",
        "Value": "46"
       },
       {
        "Name": "AbsorptionMidLow",
        "Type": "Real32",
        "Value": "45"
       },
       {
        "Name": "AbsorptionMidHigh",
        "Type": "Real32",
        "Value": "76"
       },
       {
        "Name": "AbsorptionHigh",
        "Type": "Real32",
        "Value": "100"
       },
       {
        "Name": "Scattering",
        "Type": "Real32",
        "Value": "0"
       }
      ]
     },
     {
      "Id": "2637588553",
      "Name": "Tile",
      "ObjectPath": "\\Virtual Acoustics\\Factory Acoustic Textures\\Textures\\Tile",
      "GUID": "{A882DAC4-132A-47B7-BA9D-B9907BA29CC0}",
      "Color": "16",
      "Properties": [
       {
        "Name": "AbsorptionLow",
        "Type": "Real32",
        "Value": "67"
       },
       {
        "Name": "AbsorptionMidLow",
        "Type": "Real32",
        "Value": "41"
       },
       {
        "Name": "AbsorptionMidHigh",
        "Type": "Real32",
        "Value": "12"
       },
       {
        "Name": "AbsorptionHigh",
        "Type": "Real32",
        "Value": "0"
       },
       {
        "Name": "Scattering",
        "Type": "Real32",
        "Value": "0"
       }
      ]
     },
     {
      "Id": "2928161104",
      "Name": "Curtains",
      "ObjectPath": "\\Virtual Acoustics\\Factory Acoustic Textures\\Textures\\Curtains",
      "GUID": "{F8E69E33-5C97-4968-B508-A1535F2D66E8}",
      "Color": "3",
      "Properties": [
       {
        "Name": "AbsorptionLow",
        "Type": "Real32",
        "Value": "7"
       },
       {
        "Name": "AbsorptionMidLow",
        "Type": "Real32",
        "Value": "60"
       },
       {
        "Name": "AbsorptionMidHigh",
        "Type": "Real32",
        "Value": "0"
       },
       {
        "Name": "AbsorptionHigh",
        "Type": "Real32",
        "Value": "84"
       },
       {
        "Name": "Scattering",
        "Type": "Real32",
        "Value": "0"
       }
      ]
     },
     {
      "Id": "3195498748",
      "Name": "Cork_Tiles",
      "ObjectPath": "\\Virtual Acoustics\\Factory Acoustic Textures\\Textures\\Cork_Tiles",
      "GUID": "{30D2C919-925F-4143-8906-3DBB3C4AE5E2}",
      "Color": "19",
      "Properties": [
       {
        "Name": "AbsorptionLow",
        "Type": "Real32",
        "Value": "14"
       },
       {
        "Name": "AbsorptionMidLow",
        "Type": "Real32",
        "Value": "30"
       },
       {
        "Name": "AbsorptionMidHigh",
        "Type": "Real32",
        "Value": "73"
       },
       {
        "Name": "AbsorptionHigh",
        "Type": "Real32",
        "Value": "100"
       },
       {
        "Name": "Scattering",
        "Type": "Real32",
        "Value": "0"
       }
      ]
     },
     {
      "Id": "3670307564",
      "Name": "Drywall",
      "ObjectPath": "\\Virtual Acoustics\\Factory Acoustic Textures\\Textures\\Drywall",
      "GUID": "{68A4E3F4-4C0B-4687-A8B8-A84DB93DBC8F}",
      "Color": "15",
      "Properties": [
       {
        "Name": "AbsorptionLow",
        "Type": "Real32",
        "Value": "2"
       },
       {
        "Name": "AbsorptionMidLow",
        "Type": "Real32",
        "Value": "2"
       },
       {
        "Name": "AbsorptionMidHigh",
        "Type": "Real32",
        "Value": "2"
       },
       {
        "Name": "AbsorptionHigh",
        "Type": "Real32",
        "Value": "2"
       },
       {
        "Name": "Scattering",
        "Type": "Real32",
        "Value": "0"
       }
      ]
     },
     {
      "Id": "4168643977",
      "Name": "Acoustic_Banner",
      "ObjectPath": "\\Virtual Acoustics\\Factory Acoustic Textures\\Textures\\Acoustic_Banner",
      "GUID": "{2F2D53F2-DACC-408E-8B88-98B1B52A26D6}",
      "Color": "10",
      "Properties": [
       {
        "Name": "AbsorptionLow",
        "Type": "Real32",
        "Value": "37"
       },
       {
        "Name": "AbsorptionMidLow",
        "Type": "Real32",
        "Value": "100"
       },
       {
        "Name": "AbsorptionMidHigh",
        "Type": "Real32",
        "Value": "100"
       },
       {
        "Name": "AbsorptionHigh",
        "Type": "Real32",
        "Value": "100"
       },
       {
        "Name": "Scattering",
        "Type": "Real32",
        "Value": "0"
       }
      ]
     },
     {
      "Id": "4262522749",
      "Name": "Wood_Bright",
      "ObjectPath": "\\Virtual Acoustics\\Factory Acoustic Textures\\Textures\\Wood_Bright",
      "GUID": "{7B85D1E5-C1A2-4E63-9A13-CEC54B641ADC}",
      "Color": "20",
      "Properties": [
       {
        "Name": "AbsorptionLow",
        "Type": "Real32",
        "Value": "32"
       },
       {
        "Name": "AbsorptionMidLow",
        "Type": "Real32",
        "Value": "25"
       },
       {
        "Name": "AbsorptionMidHigh",
        "Type": "Real32",
        "Value": "10"
       },
       {
        "Name": "AbsorptionHigh",
        "Type": "Real32",
        "Value": "9"
       },
       {
        "Name": "Scattering",
        "Type": "Real32",
        "Value": "0"
       }
      ]
     }
    ]
   }
  ],
  "FileHash": "{CCA997FB-6D06-A41F-A1C6-654F2E5559FA}"
 }
}