{
 "SoundBanksInfo": {
  "Platform": "Windows",
  "BasePlatform": "Windows",
  "SchemaVersion": "16",
  "SoundBankVersion": "171",
  "SoundBanks": [
   {
    "Id": "3161908922",
    "Type": "User",
    "GUID": "{652C347A-BAF0-4A77-A2EA-6F13F8F25257}",
    "Language": "SFX",
    "Hash": "{58F263A3-C026-E5D7-6E99-66BD37B2BDEC}",
    "ObjectPath": "\\SoundBanks\\Default Work Unit\\Main",
    "ShortName": "Main",
    "Path": "Main.bnk",
    "Media": [
     {
      "Id": "52718158",
      "Language": "SFX",
      "Streaming": "false",
      "Location": "Memory",
      "ShortName": "footsteps-on-gravel-2-397986.wav",
      "CachePath": "BF/{BF1EE013-D6C6-BC9C-D36B-EB14E9CC67BA}.wem"
     },
     {
      "Id": "85241567",
      "Language": "SFX",
      "Streaming": "false",
      "Location": "Memory",
      "ShortName": "dying-sound-363801.wav",
      "CachePath": "86/{862537C8-4A67-038B-DA0E-CB01B312CCEB}.wem"
     },
     {
      "Id": "130936751",
      "Language": "SFX",
      "Streaming": "false",
      "Location": "Memory",
      "ShortName": "card-mixing-48088.wav",
      "CachePath": "48/{48B6F777-9304-EF05-63E5-9EB8863DEA25}.wem"
     },
     {
      "Id": "135498793",
      "Language": "SFX",
      "Streaming": "false",
      "Location": "Memory",
      "ShortName": "footsteps-on-gravel-2-397986.wav",
      "CachePath": "19/{195F2923-482A-7CCF-65CF-356DB8893808}.wem"
     },
     {
      "Id": "148816819",
      "Language": "SFX",
      "Streaming": "false",
      "Location": "Memory",
      "ShortName": "card-mixing-48088.wav",
      "CachePath": "D4/{D4AA0880-C2E1-F727-C6DC-68C94FBDAC8F}.wem"
     },
     {
      "Id": "165547796",
      "Language": "SFX",
      "Streaming": "false",
      "Location": "Memory",
      "ShortName": "error-message-182475.wav",
      "CachePath": "36/{36DCE306-9795-2B08-F4F9-8214FD782687}.wem"
     },
     {
      "Id": "168447392",
      "Language": "SFX",
      "Streaming": "false",
      "Location": "Memory",
      "ShortName": "card-mixing-48088.wav",
      "CachePath": "08/{086FDE15-F33A-7951-A63B-9E2DE64D94A4}.wem"
     },
     {
      "Id": "176352868",
      "Language": "SFX",
      "Streaming": "false",
      "Location": "Memory",
      "ShortName": "ding-100501.wav",
      "CachePath": "4C/{4C662961-5B1F-0F3B-CE06-560FE4FC5414}.wem"
     },
     {
      "Id": "185181061",
      "Language": "SFX",
      "Streaming": "false",
      "Location": "Memory",
      "ShortName": "banger.wav",
      "CachePath": "17/{17C9F3D1-CFF6-3E5F-66D5-58F3866CDC8E}.wem"
     },
     {
      "Id": "229165042",
      "Language": "SFX",
      "Streaming": "false",
      "Location": "Memory",
      "ShortName": "st1-footstep-sfx-323053.wav",
      "CachePath": "35/{356075DA-E70C-20CE-922C-F090D38CF239}.wem"
     },
     {
      "Id": "233699134",
      "Language": "SFX",
      "Streaming": "false",
      "Location": "Memory",
      "ShortName": "card-shuffle-94662.wav",
      "CachePath": "61/{6101E9DF-7C84-EE24-5494-F5317B563287}.wem"
     },
     {
      "Id": "263911748",
      "Language": "SFX",
      "Streaming": "false",
      "Location": "Memory",
      "ShortName": "high-speed-02-192899.wav",
      "CachePath": "C2/{C2BD17D8-0FBE-58B0-7F13-C27D3A6A1448}.wem"
     },
     {
      "Id": "415016207",
      "Language": "SFX",
      "Streaming": "false",
      "Location": "Memory",
      "ShortName": "card-mixing-48088.wav",
      "CachePath": "3E/{3E054B50-AC3F-9174-4D0F-BE525916B337}.wem"
     },
     {
      "Id": "470947221",
      "Language": "SFX",
      "Streaming": "false",
      "Location": "Memory",
      "ShortName": "card-sounds-35956.wav",
      "CachePath": "66/{6656FD30-55F5-15F1-F19E-B831A37EA250}.wem"
     },
     {
      "Id": "527828221",
      "Language": "SFX",
      "Streaming": "false",
      "Location": "Memory",
      "ShortName": "banger.wav",
      "CachePath": "C4/{C49487A2-B4E1-E783-FC9C-0621D095C7F0}.wem"
     },
     {
      "Id": "542366875",
      "Language": "SFX",
      "Streaming": "false",
      "Location": "Memory",
      "ShortName": "st3-footstep-sfx-323056.wav",
      "CachePath": "95/{959B944A-4DF0-5AF7-FAAD-0FD6E1A07F71}.wem"
     },
     {
      "Id": "556798386",
      "Language": "SFX",
      "Streaming": "false",
      "Location": "Memory",
      "ShortName": "Hitmarker sound - Sound Effect.wav",
      "CachePath": "66/{663DBAB7-41F9-CA78-9F21-81C1E7103E89}.wem"
     },
     {
      "Id": "616845912",
      "Language": "SFX",
      "Streaming": "false",
      "Location": "Memory",
      "ShortName": "card-mixing-48088.wav",
      "CachePath": "B5/{B56DB59F-8CA0-5C02-EF60-05B241702794}.wem"
     },
     {
      "Id": "626289298",
      "Language": "SFX",
      "Streaming": "false",
      "Location": "Memory",
      "ShortName": "footsteps-on-gravel-2-397986.wav",
      "CachePath": "5C/{5C3E6382-51A7-554A-71B9-E2BD90D7C27E}.wem"
     },
     {
      "Id": "665468820",
      "Language": "SFX",
      "Streaming": "false",
      "Location": "Memory",
      "ShortName": "banger.wav",
      "CachePath": "A6/{A6261496-4D24-79FB-80EC-5545C39F451C}.wem"
     },
     {
      "Id": "709864631",
      "Language": "SFX",
      "Streaming": "false",
      "Location": "Memory",
      "ShortName": "dying-sound-363801.wav",
      "CachePath": "1D/{1D99DBA6-B953-3F7C-7BA5-0A08349ACD36}.wem"
     },
     {
      "Id": "722290877",
      "Language": "SFX",
      "Streaming": "false",
      "Location": "Memory",
      "ShortName": "st2-footstep-sfx-323055.wav",
      "CachePath": "B7/{B7AEEAC1-1612-D210-3D02-E87929A958FC}.wem"
     },
     {
      "Id": "808501130",
      "Language": "SFX",
      "Streaming": "false",
      "Location": "Memory",
      "ShortName": "Queen_dying_1_second_#3-1763811670868.wav",
      "CachePath": "BF/{BF735C3B-068B-8BA7-1097-98E05B426FCE}.wem"
     },
     {
      "Id": "888082613",
      "Language": "SFX",
      "Streaming": "false",
      "Location": "Memory",
      "ShortName": "footsteps-on-gravel-2-397986.wav",
      "CachePath": "68/{68A31E5B-97BC-9EB6-DC7F-19FC900DC4DD}.wem"
     },
     {
      "Id": "890554701",
      "Language": "SFX",
      "Streaming": "false",
      "Location": "Memory",
      "ShortName": "dying-sound-363801.wav",
      "CachePath": "26/{26E8B4BE-7412-7B61-6C69-5F81E19D93E0}.wem"
     },
     {
      "Id": "954728933",
      "Language": "SFX",
      "Streaming": "false",
      "Location": "Memory",
      "ShortName": "card-mixing-48088.wav",
      "CachePath": "AE/{AE4E1AF3-C83E-A9E8-8162-16596793F5FB}.wem"
     },
     {
      "Id": "955752102",
      "Language": "SFX",
      "Streaming": "false",
      "Location": "Memory",
      "ShortName": "Hitmarker sound - Sound Effect.wav",
      "CachePath": "73/{7394D67D-A557-7DB5-BBE9-9F63CF0C7FB5}.wem"
     },
     {
      "Id": "998494152",
      "Language": "SFX",
      "Streaming": "false",
      "Location": "Memory",
      "ShortName": "hit-94706.wav",
      "CachePath": "FA/{FA79CF9F-2E70-6FCA-A194-13A8F9D03A3F}.wem"
     },
     {
      "Id": "1033704017",
      "Language": "SFX",
      "Streaming": "false",
      "Location": "Memory",
      "ShortName": "whip-02-242215.wav",
      "CachePath": "85/{85A615F0-C18C-2ADE-5E78-1EB1AD359713}.wem"
     },
     {
      "Id": "1049875334",
      "Language": "SFX",
      "Streaming": "false",
      "Location": "Memory",
      "ShortName": "footsteps-on-gravel-2-397986.wav",
      "CachePath": "67/{677F2028-00E4-E9B9-5053-BB57EF1B6CA3}.wem"
     }
    ],
    "Plugins": {
     "ShareSets": [
      {
       "Id": "2529974411",
       "Name": "Music_fast",
       "ObjectPath": "\\Effects\\Default Work Unit\\Music_fast",
       "GUID": "{1D112D1B-70C5-4879-8B0A-1D5770C0ADD7}",
       "LibName": "Wwise Time Stretch",
       "LibId": "8519683"
      },
      {
       "Id": "3407225994",
       "Name": "Phone_Booth",
       "ObjectPath": "\\Effects\\Factory Effects\\RoomVerb\\Claustrophobia\\Phone_Booth",
       "GUID": "{180A35FE-BF4E-4BCD-8D7F-872B580E55EC}",
       "LibName": "Wwise RoomVerb",
       "LibId": "7733251"
      },
      {
       "Id": "4080182328",
       "Name": "Music_medium",
       "ObjectPath": "\\Effects\\Default Work Unit\\Music_medium",
       "GUID": "{BE90E96F-7095-479B-8610-9E902768E1EF}",
       "LibName": "Wwise Time Stretch",
       "LibId": "8519683"
      }
     ]
    },
    "Events": [
     {
      "Id": "3854155799",
      "Name": "Play_Footsteps",
      "ObjectPath": "\\Events\\Default Work Unit\\Player\\Play_Footsteps",
      "GUID": "{87927CE4-D79C-49E4-8AA8-5267414CB8C2}",
      "DurationType": "OneShot",
      "DurationMin": "0.3421942",
      "DurationMax": "0.36334386",
      "MediaRefs": [
       {
        "Id": "229165042"
       },
       {
        "Id": "542366875"
       },
       {
        "Id": "722290877"
       }
      ]
     },
     {
      "Id": "3723039468",
      "Name": "Play_Footsteps_2",
      "ObjectPath": "\\Events\\Default Work Unit\\Player\\Play_Footsteps_2",
      "GUID": "{ED195AE7-B3FD-4821-B678-93A8CC911F8B}",
      "DurationType": "OneShot",
      "DurationMin": "0.34870762",
      "DurationMax": "0.6018789",
      "MediaRefs": [
       {
        "Id": "52718158"
       },
       {
        "Id": "135498793"
       },
       {
        "Id": "626289298"
       },
       {
        "Id": "888082613"
       },
       {
        "Id": "1049875334"
       }
      ]
     },
     {
      "Id": "2781860867",
      "Name": "Play_Fouet",
      "ObjectPath": "\\Events\\Default Work Unit\\Player\\Play_Fouet",
      "GUID": "{862F61A4-8F32-4661-B0DB-6E462031A88A}",
      "DurationType": "OneShot",
      "DurationMin": "1.909",
      "DurationMax": "1.909",
      "MediaRefs": [
       {
        "Id": "1033704017"
       }
      ]
     },
     {
      "Id": "283661103",
      "Name": "Play_Hit_layer",
      "ObjectPath": "\\Events\\Default Work Unit\\Mobs\\Play_Hit_layer",
      "GUID": "{47A8A921-3ECF-4F3A-98D0-68D3F98A0F1E}",
      "DurationType": "OneShot",
      "DurationMin": "1.8332015",
      "DurationMax": "1.8332015",
      "MediaRefs": [
       {
        "Id": "176352868"
       }
      ]
     },
     {
      "Id": "1731259975",
      "Name": "Play_Hitmarker",
      "ObjectPath": "\\Events\\Default Work Unit\\Mobs\\Play_Hitmarker",
      "GUID": "{90601BF4-D939-401A-8784-EFF83B8686A1}",
      "DurationType": "OneShot",
      "DurationMin": "0.331054",
      "DurationMax": "0.5567643",
      "MediaRefs": [
       {
        "Id": "955752102"
       }
      ]
     },
     {
      "Id": "3982970966",
      "Name": "Play_Hitmarker_when_false",
      "ObjectPath": "\\Events\\Default Work Unit\\Mobs\\Play_Hitmarker_when_false",
      "GUID": "{702552AE-76AB-4B25-9A82-82C4E448CEAB}",
      "DurationType": "OneShot",
      "DurationMin": "0.54450834",
      "DurationMax": "0.54450834",
      "MediaRefs": [
       {
        "Id": "556798386"
       }
      ]
     },
     {
      "Id": "4005915379",
      "Name": "Play_Input_card",
      "ObjectPath": "\\Events\\Default Work Unit\\Player\\Play_Input_card",
      "GUID": "{09D433AB-C0BC-4796-A641-88753FA3C2DA}",
      "DurationType": "OneShot",
      "DurationMin": "0.15320748",
      "DurationMax": "0.25766328",
      "MediaRefs": [
       {
        "Id": "470947221"
       }
      ]
     },
     {
      "Id": "3427175888",
      "Name": "Play_King_dead",
      "ObjectPath": "\\Events\\Default Work Unit\\Mobs\\Play_King_dead",
      "GUID": "{F0268389-2639-4CA8-BAD9-0859F72CE413}",
      "DurationType": "OneShot",
      "DurationMin": "0.8921572",
      "DurationMax": "1.1240476",
      "MediaRefs": [
       {
        "Id": "890554701"
       }
      ]
     },
     {
      "Id": "3149686660",
      "Name": "Play_Music_fast",
      "ObjectPath": "\\Events\\Default Work Unit\\Music\\Play_Music_fast",
      "GUID": "{29785247-F509-47DD-96B0-A9805F20FE60}",
      "DurationType": "Infinite",
      "MediaRefs": [
       {
        "Id": "185181061"
       }
      ],
      "PluginRefs": {
       "ShareSets": [
        {
         "Id": "2529974411"
        }
       ]
      }
     },
     {
      "Id": "2749426991",
      "Name": "Play_Music_medium",
      "ObjectPath": "\\Events\\Default Work Unit\\Music\\Play_Music_medium",
      "GUID": "{34B93851-0750-4A3F-A1AA-6F802D5AA945}",
      "DurationType": "Infinite",
      "MediaRefs": [
       {
        "Id": "527828221"
       }
      ],
      "PluginRefs": {
       "ShareSets": [
        {
         "Id": "4080182328"
        }
       ]
      }
     },
     {
      "Id": "152239877",
      "Name": "Play_Music_slow",
      "ObjectPath": "\\Events\\Default Work Unit\\Music\\Play_Music_slow",
      "GUID": "{9473C281-8662-493B-B16C-E76AB4C93B23}",
      "DurationType": "Infinite",
      "MediaRefs": [
       {
        "Id": "665468820"
       }
      ]
     },
     {
      "Id": "2074354138",
      "Name": "Play_Player_dead",
      "ObjectPath": "\\Events\\Default Work Unit\\Player\\Play_Player_dead",
      "GUID": "{6A8BC7D8-696F-4336-A669-F60D3BE56536}",
      "DurationType": "OneShot",
      "DurationMin": "3.05",
      "DurationMax": "3.05",
      "MediaRefs": [
       {
        "Id": "998494152"
       }
      ]
     },
     {
      "Id": "1864892471",
      "Name": "Play_Player_hit",
      "ObjectPath": "\\Events\\Default Work Unit\\Player\\Play_Player_hit",
      "GUID": "{78C3B99A-D8C5-4BEF-AD8A-77B51AFFEF7E}",
      "DurationType": "OneShot",
      "DurationMin": "0.23481406",
      "DurationMax": "0.23481406",
      "MediaRefs": [
       {
        "Id": "709864631"
       }
      ]
     },
     {
      "Id": "2839001541",
      "Name": "Play_Queen_dead",
      "ObjectPath": "\\Events\\Default Work Unit\\Mobs\\Play_Queen_dead",
      "GUID": "{EE3B5DD3-623A-4C67-8243-98A27C1ADC60}",
      "DurationType": "OneShot",
      "DurationMin": "0.80757415",
      "DurationMax": "1.0174798",
      "MediaRefs": [
       {
        "Id": "808501130"
       }
      ]
     },
     {
      "Id": "3908800545",
      "Name": "Play_Reload_cards",
      "ObjectPath": "\\Events\\Default Work Unit\\Player\\Play_Reload_cards",
      "GUID": "{A6308B06-CC5E-405E-8F15-AC171EFA2B0F}",
      "DurationType": "OneShot",
      "DurationMin": "0.34994453",
      "DurationMax": "0.44008178",
      "MediaRefs": [
       {
        "Id": "130936751"
       },
       {
        "Id": "148816819"
       },
       {
        "Id": "168447392"
       },
       {
        "Id": "415016207"
       },
       {
        "Id": "616845912"
       },
       {
        "Id": "954728933"
       }
      ]
     },
     {
      "Id": "339436367",
      "Name": "Play_Reload_cards_completed",
      "ObjectPath": "\\Events\\Default Work Unit\\Player\\Play_Reload_cards_completed",
      "GUID": "{E2A1916D-FE66-4531-9313-845216F52F4B}",
      "DurationType": "OneShot",
      "DurationMin": "0.93910277",
      "DurationMax": "0.93910277",
      "MediaRefs": [
       {
        "Id": "233699134"
       }
      ]
     },
     {
      "Id": "1059471816",
      "Name": "Play_Reload_cards_fail",
      "ObjectPath": "\\Events\\Default Work Unit\\Player\\Play_Reload_cards_fail",
      "GUID": "{942A8D78-AD1B-446D-8B5E-CE3FF2EED573}",
      "DurationType": "OneShot",
      "DurationMin": "0.69914186",
      "DurationMax": "0.69914186",
      "MediaRefs": [
       {
        "Id": "165547796"
       }
      ]
     },
     {
      "Id": "977896755",
      "Name": "Play_Speed",
      "ObjectPath": "\\Events\\Default Work Unit\\Player\\Play_Speed",
      "GUID": "{869D283E-A90F-42C5-9160-F12DFFD15D8C}",
      "DurationType": "OneShot",
      "DurationMin": "0.5940217",
      "DurationMax": "0.5940217",
      "MediaRefs": [
       {
        "Id": "263911748"
       }
      ],
      "PluginRefs": {
       "ShareSets": [
        {
         "Id": "3407225994"
        }
       ]
      }
     },
     {
      "Id": "1105208025",
      "Name": "Play_Valet_dead",
      "ObjectPath": "\\Events\\Default Work Unit\\Mobs\\Play_Valet_dead",
      "GUID": "{DCD21500-E0BC-4D5D-A787-13A2D76722B2}",
      "DurationType": "OneShot",
      "DurationMin": "0.26200107",
      "DurationMax": "0.33010066",
      "MediaRefs": [
       {
        "Id": "85241567"
       }
      ]
     }
    ]
   }
  ],
  "FileHash": "{55061633-766E-02E0-A0FA-8EAC68B1052D}"
 }
}