{
 "PluginInfo": {
  "Platform": "Windows",
  "BasePlatform": "Windows",
  "PluginLibs": [
   {
    "LibName": "Wwise RoomVerb",
    "LibId": "7733251",
    "Type": "Effect",
    "DLL": "AkRoomVerb",
    "StaticLib": "AkRoomVerbFX"
   },
   {
    "LibName": "Wwise Time Stretch",
    "LibId": "8519683",
    "Type": "Effect",
    "DLL": "AkTimeStretch",
    "StaticLib": "AkTimeStretchFX"
   },
   {
    "LibName": "System",
    "LibId": "11403271",
    "Type": "AudioDevice"
   },
   {
    "LibName": "No Output",
    "LibId": "11862023",
    "Type": "AudioDevice"
   }
  ],
  "FileHash": "{BC1F8E18-A6DB-D28B-39CA-5713DA4E02E0}"
 }
}